time,duration,note
1.0091827664399524,0.4992290249433608,56.14310625175242
1.7566430839002614,0.5398639455781904,56.1445233281472
1.0595002267574536,0.4469841269841481,60.13958228360549
1.7694775510203762,0.5050340136054956,60.1471696797065
1.0807020408162806,0.4179591836734744,62.0552458254631
1.767391383220005,0.5166439909296514,62.05682280068884
1.1077315192743562,0.4063492063492049,67.06660851658165
1.7580943310657702,0.5050340136054956,67.07771440887262
