time,duration,note
0.5624480725623489,0.2031746031746024,53.15761546881363
1.0054866213151836,0.6327437641723463,53.16800920730828
0.5600444444444292,0.1973696145124677,56.21063196819734
1.1470739229024502,0.2612244897959499,55.93712043987332
0.5613142857142766,0.2089795918367372,62.07915376196766
1.1441714285714397,0.3715192743763964,62.17304314675945
