time,duration,note
0.6233777777778187,0.8475283446712183,58.08914660633098
1.6521986394557189,0.4295691609977439,58.06888191056583
0.6349197278912015,0.9055782312925658,62.07602026099859
1.9109741496598645,0.1741496598639287,62.09942942855436
0.6324707482994008,0.8126984126984098,67.02722971869942
1.9047836734694101,0.1567346938775244,67.03664007184436
