time,duration,note
0.6840807256235184,0.853333333333353,58.07898422296775
1.9282303854874954,0.2612244897959499,58.10486610298221
0.6894095238095606,0.853333333333353,62.09452610920656
0.6890240362811273,0.8417233560090835,67.00360887034668
1.782425396825376,0.1857596371881982,64.05840004656562
