time,duration,note
0.3241260770975085,0.4469841269841481,58.07721826800809
0.8603845804988204,0.4702040816326871,58.06892923108476
0.3284798185940243,0.4585941043084176,61.9478360281651
1.15151836734697,0.1683446712017939,61.93799677023832
0.325577324263012,0.4643990929705524,67.02986677382246
1.1516544217686295,0.2612244897959499,67.0160276467507
