time,duration,note
0.03451156462585914,0.1915646258503329,56.10284744404019
0.49287891156461683,0.3250793650793184,56.09627246581567
1.3635591836734875,0.6095238095238074,53.097949089301125
0.028842630385497614,0.2263945578231414,62.13132152854697
0.6390693877550571,0.2089795918367372,62.12603882512391
1.3650104308389928,0.6153287981859421,58.12827804359036
0.02700589569155909,0.2321995464852762,65.01893450706523
0.636166893424047,0.2031746031746024,65.05502545011967
1.3646249433105595,0.6211337868480769,63.08383403882026
