time,duration,note
0.9865070294785028,0.4992290249433608,56.14310625175242
1.7339673469388117,0.5398639455781904,56.1445233281472
1.036824489796004,0.4469841269841481,60.13958228360549
1.7468018140589265,0.5050340136054956,60.1471696797065
1.058026303854831,0.4179591836734744,62.0552458254631
1.7447156462585554,0.5166439909296514,62.05682280068884
1.0850557823129066,0.4063492063492049,67.06660851658165
1.7354185941043205,0.5050340136054956,67.07771440887262
