time,duration,note
0.6750104308389382,0.853333333333353,58.07898422296775
1.9191600907029152,0.2612244897959499,58.10486610298221
0.6803392290249803,0.853333333333353,62.09452610920656
0.6799537414965471,0.8417233560090835,67.00360887034668
1.7733551020407958,0.1857596371881982,64.05840004656562
