time,duration,note
0.4352145124717026,0.8939682539682963,58.07492909477583
0.4356226757370223,0.6153287981859421,62.112891544987605
1.1284798185940872,0.1741496598639287,62.118422582684175
0.4337632653060836,0.5514739229024599,67.031099580434
1.1219038548753133,0.1857596371881982,67.0170246132131
