time,duration,note
0.5095909297052721,0.3192743764171837,52.78020444833363
1.1145795918366765,0.6269387755102116,53.08111608090802
1.983173696145176,0.1451247165532549,52.66503482089416
0.5116317460317568,0.3657142857142617,58.13731863422959
1.1131283446711677,0.6095238095238074,58.12676329565085
1.969386848072535,0.1799546485260634,58.06040739206671
0.5072780045351273,0.4179591836734744,65.08093642314509
1.1103845804988204,0.6037188208616726,62.06933194173457
1.9698630385487448,0.1973696145124677,61.80858388929967
