time,duration,note
0.48918276643996705,0.3192743764171837,52.78020444833363
1.0941714285713715,0.6269387755102116,53.08111608090802
1.962765532879871,0.1451247165532549,52.66503482089416
0.4912235827664517,0.3657142857142617,58.13731863422959
1.0927201814058627,0.6095238095238074,58.12676329565085
1.94897868480723,0.1799546485260634,58.06040739206671
0.48686984126982225,0.4179591836734744,65.08093642314509
1.0899764172335153,0.6037188208616726,62.06933194173457
1.9494548752834397,0.1973696145124677,61.80858388929967
