time,duration,note
0.5760535147392201,0.2031746031746024,53.15761546881363
1.0190920634920548,0.6327437641723463,53.16800920730828
0.5736498866213005,0.1973696145124677,56.21063196819734
1.1606793650793215,0.2612244897959499,55.93712043987332
0.5749197278911478,0.2089795918367372,62.07915376196766
1.157776870748311,0.3715192743763964,62.17304314675945
