time,duration,note
0.6483210884354165,0.8475283446712183,58.08914660633098
1.6771419501133167,0.4295691609977439,58.06888191056583
0.6598630385487994,0.9055782312925658,62.07602026099859
1.9359174603174623,0.1741496598639287,62.09942942855436
0.6574140589569986,0.8126984126984098,67.02722971869942
1.929726984127008,0.1567346938775244,67.03664007184436
