time,duration,note
0.9150104308389508,1.0332879818594165,56.12335786212288
0.963717913832177,0.9462131519273952,60.1348516975288
0.9858040816326437,0.7024036281179633,62.04525941146914
1.0047609977323262,0.3715192743763964,67.06475374339271
1.4502031746030823,0.4818140589569566,67.07385726549839
