time,duration,note
1.0016317460317623,0.3076643990929142,56.13169581804776
1.772085260771064,0.5572789115645946,56.119297907608434
1.0341260770974259,0.3134693877550489,60.12296647280006
1.7713596371881977,0.5456689342403251,60.15408953834804
1.0507473922901909,0.3308843537414532,62.06855765115714
1.7691827664399398,0.5572789115645946,62.07550923700467
1.7656907029478361,0.5688888888888641,67.0783040476113
