time,duration,note
0.8877995464852084,1.0332879818594165,56.12335786212288
0.9365070294784346,0.9462131519273952,60.1348516975288
0.9585931972789012,0.7024036281179633,62.04525941146914
0.9775501133785838,0.3715192743763964,67.06475374339271
1.42299229024934,0.4818140589569566,67.07385726549839
