time,duration,note
1.008434467120198,0.3076643990929142,56.13169581804776
1.7788879818594996,0.5572789115645946,56.119297907608434
1.0409287981858615,0.3134693877550489,60.12296647280006
1.7781623582766333,0.5456689342403251,60.15408953834804
1.0575501133786265,0.3308843537414532,62.06855765115714
1.7759854875283754,0.5572789115645946,62.07550923700467
1.7724934240362717,0.5688888888888641,67.0783040476113
