time,duration,note
0.3082530612244927,0.4469841269841481,58.07721826800809
0.8445115646258046,0.4702040816326871,58.06892923108476
0.3126068027210085,0.4585941043084176,61.9478360281651
1.1356453514739542,0.1683446712017939,61.93799677023832
0.3097043083899962,0.4643990929705524,67.02986677382246
1.1357814058956137,0.2612244897959499,67.0160276467507
