time,duration,note
0.03677913832200419,0.1915646258503329,56.10284744404019
0.4951464852607619,0.3250793650793184,56.09627246581567
1.3658267573696325,0.6095238095238074,53.097949089301125
0.031110204081642667,0.2263945578231414,62.13132152854697
0.6413369614512021,0.2089795918367372,62.12603882512391
1.3672780045351378,0.6153287981859421,58.12827804359036
0.029273469387704143,0.2321995464852762,65.01893450706523
0.638434467120192,0.2031746031746024,65.05502545011967
1.3668925170067046,0.6211337868480769,63.08383403882026
