time,duration,note
0.13410158730164312,1.3119274376417709,66.02533319901497
1.4516299319728887,0.5340589569160556,66.04552004385796
1.9886140589569568,1.335147392290196,66.01896735627476
0.14593832199546064,1.3177324263039054,69.07156948891198
1.4643736961451168,0.4992290249433608,69.02771467401632
1.9665505668934884,0.4121541950113396,69.03475913321344
1.4682965986394283,0.2554195011338152,76.04222475553827
1.7253034013606339,0.8707482993197573,73.03037836278925
