time,duration,note
0.14997460317465894,1.3119274376417709,66.02533319901497
1.4675029478459045,0.5340589569160556,66.04552004385796
0.16181133786847646,1.3177324263039054,69.07156948891198
1.4802467120181326,0.4992290249433608,69.02771467401632
1.9824235827665042,0.4121541950113396,69.03475913321344
1.4841696145124441,0.2554195011338152,76.04222475553827
1.7411764172336497,0.8707482993197573,73.03037836278925
