time,duration,note
0.11890884353738507,0.1799546485260634,61.15717754681114
0.6387047619048207,0.1799546485260634,61.16080606436972
0.27523537414970534,0.4063492063492049,64.06480746254998
0.8025823129252121,0.1335147392289855,64.06033441042977
0.956346485260724,0.3076643990929142,66.06155852853874
1.2859836734694472,0.121904761904716,64.02942021643452
1.4324916099773208,0.1393197278911202,66.07023347865032
1.8917659863946046,0.1277097505668507,66.05808092776908
1.571947392290328,0.4527891156462829,69.05374785106487
