time,duration,note
1.2113578231292266,0.3541043083899922,61.11123144522612
1.589135600907074,0.3134693877550489,61.13906803746879
1.9059609977324534,0.1160997732425812,61.15197610349098
0.001992743764279936,0.8591383219954878,66.08946013435612
0.9023555555555767,0.0812698412698864,64.05438443064345
0.987911111111206,0.1102947845804465,64.50309014493759
1.1039428571429042,0.4702040816326871,64.03779424011242
