time,duration,note
0.675371428571566,0.6269387755102116,57.20550825256101
1.3142603174603664,0.3308843537414532,54.14525112853071
1.6518793650794805,0.121904761904716,54.14013922549757
1.7758929705215678,0.2031746031746024,57.18406308464373
0.05269569160998344,0.2902494331066236,61.158587035135504
0.3599972789115782,0.3715192743763964,59.11023554682416
1.6571628117914088,0.0754648526077517,54.016248392601646
1.9414712018141245,0.1393197278911202,59.14728601413528
