time,duration,note
0.05763900226759233,0.1683446712017939,61.144738109886575
0.25058684807254394,0.1451247165532549,59.14200149411371
0.41811519274381936,0.1365605442176729,61.09781069922997
