time,duration,note
0.10757097505666025,0.1799546485260634,61.15717754681114
0.6273668934240959,0.1799546485260634,61.16080606436972
0.2638975056689805,0.4063492063492049,64.06480746254998
0.7912444444444873,0.1335147392289855,64.06033441042977
0.9450086167799991,0.3076643990929142,66.06155852853874
1.2746458049887224,0.121904761904716,64.02942021643452
1.421153741496596,0.1393197278911202,66.07023347865032
1.8804281179138798,0.1277097505668507,66.05808092776908
1.5606095238096032,0.4527891156462829,69.05374785106487
