time,duration,note
0.03496326530614269,0.1683446712017939,61.144738109886575
0.2279111111110943,0.1451247165532549,59.14200149411371
0.3954394557823697,0.1365605442176729,61.09781069922997
