time,duration,note
1.199339682539744,0.3018594104308931,54.148128892718326
1.520314739229093,0.3018594104308931,54.10291969830257
1.8482965986395357,0.3018594104308931,54.26295877632648
1.3112897959183556,0.1102947845804465,66.09973095374036
1.620224036281229,0.1915646258503329,66.05785712503516
