time,duration,note
1.1909496598639215,0.3541043083899922,61.11123144522612
1.568727437641769,0.3134693877550489,61.13906803746879
1.8855528344671484,0.1160997732425812,61.15197610349098
0.8819473922902716,0.0812698412698864,64.05438443064345
0.967502947845901,0.1102947845804465,64.50309014493759
1.0835346938775992,0.4702040816326871,64.03779424011242
