time,duration,note
0.565689795918388,0.2321995464852762,60.13441048440929
0.8003156462584684,0.3308843537414532,58.158335452362685
1.1410639455782512,0.3076643990929142,58.14793735231565
1.7607464852608246,0.3889342403628006,63.09269607643475
