time,duration,note
0.23818412698404146,0.2438095238095456,58.0916811088778
0.5782068027210734,0.1509297052153897,58.10581245024062
0.7326965986393397,0.1335147392289855,60.03704548893254
1.210859863945533,0.1625396825396592,58.08629258178416
1.3776852607710488,0.5863038548752684,60.4534322910828
