time,duration,note
0.15380770975059477,0.3134693877550489,60.095978165944985
0.49296870748298716,0.2902494331066236,62.99026185800827
0.7873451247165804,0.2496145124716804,62.0868613895442
1.097435827664409,0.2031746031746024,60.12817565035708
1.305440362811737,0.3829596371882644,58.09166822229631
