time,duration,note
0.2950548752834372,0.3424943310657227,53.16935025850525
0.6537850340136018,0.3541043083899922,53.224589273348585
1.2589551020407832,0.2786394557823541,53.20986459734981
1.5648734693877593,0.1683446712017939,53.17488708102327
1.7360526077096772,0.2031746031746024,55.16358737548149
