time,duration,note
0.7818575963718857,0.2728344671202194,60.03112124695667
1.0558031746030636,0.3541043083899922,60.06666749194002
1.6965514739229128,0.1625396825396592,58.09433622287866
1.8633768707483185,0.2089795918367372,60.03725806404858
