time,duration,note
0.06262857142860412,0.2263945578231414,60.07654590057791
0.40267392290252246,0.4527891156462829,58.10783274253771
0.8817215419500144,0.3018594104308931,60.09843578290881
1.4882748299320383,0.2496145124716804,60.06513377042682
1.740406349206296,0.3541043083899922,58.067175627406
1.174828117913762,0.3076643990929142,62.989591482593625
