time,duration,note
1.0545786848073249,0.5514739229024599,55.208065104625895
0.7443292517007194,0.3424943310657227,60.05167744908616
0.12392108843539518,0.2786394557823541,64.97313587673943
0.43133605442176304,0.3192743764171837,63.37777269842642
0.7530594104308648,0.2844444444444889,64.91040028142164
