time,duration,note
1.0772544217687745,0.5514739229024599,55.208065104625895
0.767004988662169,0.3424943310657227,60.05167744908616
0.14659682539684482,0.2786394557823541,64.97313587673943
0.4540117913832127,0.3192743764171837,63.37777269842642
0.7757351473923144,0.2844444444444889,64.91040028142164
