time,duration,note
0.9736716553287597,0.3889342403628006,58.1667211226901
1.628796371882121,0.9287981859409912,60.22864014950861
0.3741931972789434,0.3424943310657227,65.00392213637977
0.720746485260749,0.1741496598639287,63.8785029352391
