time,duration,note
0.3507238095237426,0.1799546485260634,55.140995196837935
0.49022494331063626,0.3308843537414532,58.10083566843468
0.9174131519274624,0.6385487528344811,61.94390551153908
1.571970975056729,0.6327437641723463,60.14315322928204
