time,duration,note
0.20904580498859104,0.5979138321995379,66.96373247982605
0.8323564625850404,0.5166439909296514,64.9503949680968
1.433195464852588,0.2902494331066236,68.03076597392044
1.7506104308390604,0.5921088435374031,67.08752624940722
