time,duration,note
0.2701115646258394,0.3424943310657227,53.16935025850525
0.628841723356004,0.3541043083899922,53.224589273348585
1.2340117913831854,0.2786394557823541,53.20986459734981
1.5399301587301615,0.1683446712017939,53.17488708102327
1.7111092970520794,0.2031746031746024,55.16358737548149
