time,duration,note
0.21584852607702665,0.5979138321995379,66.96373247982605
0.839159183673476,0.5166439909296514,64.9503949680968
1.4399981859410236,0.2902494331066236,68.03076597392044
1.757413151927496,0.5921088435374031,67.08752624940722
