time,duration,note
0.10580317460312827,0.5630839002267294,55.11920415168862
0.6849641723356434,0.0754648526077517,55.07557546376628
0.7342158730158452,0.5050340136054956,58.04218637048438
1.9822657596371336,0.2496145124716804,60.08662327972652
0.7589324263038897,0.5514739229024599,62.96633824346958
1.6973904761904386,0.3192743764171837,62.97559152349463
0.7524244897958887,0.3715192743763964,66.99408841668948
