time,duration,note
0.3041705215418915,0.8939682539682963,60.231013395707855
1.2406331065759595,0.1451247165532549,58.075850510619375
1.3878666666665858,0.2612244897959499,60.05320929878899
0.14260589569153126,0.2147845804988719,62.99214698817434
