time,duration,note
0.21777596371873642,0.2438095238095456,58.0916811088778
0.5577986394557684,0.1509297052153897,58.10581245024062
0.7122884353740346,0.1335147392289855,60.03704548893254
1.190451700680228,0.1625396825396592,58.08629258178416
1.3572770975057438,0.5863038548752684,60.4534322910828
