time,duration,note
0.7546467120181433,0.2728344671202194,60.03112124695667
1.0285922902493212,0.3541043083899922,60.06666749194002
1.6693405895691704,0.1625396825396592,58.09433622287866
1.836165986394576,0.2089795918367372,60.03725806404858
