time,duration,note
1.4106557823129156,0.2786394557823541,60.04943781865637
1.725961904761903,0.7662585034013318,58.25860585722593
0.8055310657596242,0.2960544217687584,64.99497310750851
1.125122902494354,0.3482993197278574,62.974749432517605
