time,duration,note
0.1855537414966264,0.3134693877550489,60.095978165944985
0.5247147392290188,0.2902494331066236,62.99026185800827
0.819091156462612,0.2496145124716804,62.0868613895442
1.1291818594104406,0.2031746031746024,60.12817565035708
1.3371863945577687,0.3829596371882644,58.09166822229631
