time,duration,note
0.3336489795917785,0.8939682539682963,60.231013395707855
1.2701115646258465,0.1451247165532549,58.075850510619375
1.4173451247164728,0.2612244897959499,60.05320929878899
0.17208435374141828,0.2147845804988719,62.99214698817434
