time,duration,note
1.2391591836734506,0.6211337868480769,55.23185599377646
0.9274811791382264,0.2728344671202194,60.0558079565578
1.8755990929705604,0.899773242630431,58.05848628810632
0.3157578231292746,0.2960544217687584,65.00791794453345
0.6325378684807674,0.2786394557823541,62.95289297919783
0.9114494331065544,0.0986848072562907,63.18322726667601
