time,duration,note
0.4136943310658143,0.9055782312925658,62.26073050792854
1.3441931972788588,0.2554195011338152,62.07404858724316
1.6276172335600467,0.1567346938775244,63.19219726538761
1.7871863945578106,0.2438095238095456,62.0345193204378
