time,duration,note
0.4000888888889431,0.9055782312925658,62.26073050792854
1.3305877551019876,0.2554195011338152,62.07404858724316
1.6140117913831755,0.1567346938775244,63.19219726538761
1.7735809523809394,0.2438095238095456,62.0345193204378
