time,duration,note
0.5770276643991128,0.2321995464852762,60.13441048440929
0.8116535147391932,0.3308843537414532,58.158335452362685
1.152401814058976,0.3076643990929142,58.14793735231565
1.7720843537415494,0.3889342403628006,63.09269607643475
