time,duration,note
0.08766258503396784,0.5630839002267294,55.11920415168862
0.666823582766483,0.0754648526077517,55.07557546376628
0.7160752834466848,0.5050340136054956,58.04218637048438
1.9641251700679732,0.2496145124716804,60.08662327972652
0.7407918367347293,0.5514739229024599,62.96633824346958
1.6792498866212782,0.3192743764171837,62.97559152349463
0.7342839002267283,0.3715192743763964,66.99408841668948
