time,duration,note
0.07850158730161994,0.2263945578231414,60.07654590057791
0.4185469387755383,0.4527891156462829,58.10783274253771
0.8975945578230302,0.3018594104308931,60.09843578290881
1.5041478458050541,0.2496145124716804,60.06513377042682
1.7562793650793118,0.3541043083899922,58.067175627406
1.1907011337867779,0.3076643990929142,62.989591482593625
