time,duration,note
1.4083882086167705,0.2786394557823541,60.04943781865637
1.723694331065758,0.7662585034013318,58.25860585722593
0.8032634920634791,0.2960544217687584,64.99497310750851
1.122855328798209,0.3482993197278574,62.974749432517605
