time,duration,note
0.9646013605441794,0.3889342403628006,58.1667211226901
1.6197260770975408,0.9287981859409912,60.22864014950861
0.3651229024943632,0.3424943310657227,65.00392213637977
0.7116761904761688,0.1741496598639287,63.8785029352391
