time,duration,note
0.32236009070294713,0.3018594104308363,70.0644225378495
0.6644235827664353,0.272834467120191,68.03351968267127
0.9624281179138467,0.3599092970521553,67.10746479400532
1.3642195011337908,0.1335147392290139,66.97427883214577
1.6169859410430867,0.2902494331065668,73.98878383399905
1.996078911564613,0.2786394557823257,70.99307654358893
