time,duration,note
1.1219972789115538,0.1857596371881982,60.04520603080184
0.5051718820861666,0.1102947845805033,64.55447354650005
0.7162603174603,0.1683446712018224,64.02895873372607
0.9070312925169937,0.2205895691610067,62.00584197480979
1.3725868480725616,0.1625396825396876,63.99475534992531
0.08877732426302032,0.1102947845805033,66.9842504680963
0.20263219954648903,0.0928798185940991,68.93298159148826
0.3005233560090588,0.1857596371881982,66.9239832519778
1.7299337868480542,0.963628117913828,67.04639051049051
