time,duration,note
0.34056870748298884,0.2147845804988719,61.98823192686419
0.5851492063492003,0.2089795918367372,64.01570565128146
0.8255120181405893,0.2263945578231414,64.94296914573661
1.0924054421768705,0.2321995464852477,66.92193440312803
1.3644916099773372,0.284444444444432,67.92719357556494
1.6622693877550905,0.2263945578231414,68.04260009849837
1.9152852607709896,0.3599092970521553,68.12444871081392
