time,duration,note
0.10220136054420337,0.7662585034013603,69.04792897826141
