time,duration,note
0.053561904761892265,0.1741496598639571,64.97233959589359
0.2519065759637158,0.2205895691610067,63.95779661234219
0.5077115646258505,0.1625396825396876,63.99214375327627
1.528210430838982,0.2321995464852477,63.984716986607054
1.8060789115646116,0.2612244897959215,61.98765567924974
1.2317705215419323,0.2902494331065668,66.9471195334721
0.852065306122455,0.3482993197278858,71.01128407568784
