time,duration,note
1.8151718820861618,0.2380045351473825,69.00715522986131
