time,duration,note
1.8174394557823068,0.2380045351473825,69.00715522986131
