time,duration,note
1.2974394557822961,0.1567346938775529,60.04938874685534
0.9106820861677853,0.1857596371881982,63.97047408059522
1.1011582766439822,0.249614512471652,62.02937304682871
1.4879156462585001,0.1857596371881982,61.99066691112414
1.6996616780045315,0.1857596371881982,63.97229594983216
1.905149206349197,0.1567346938775529,64.94124189216369
