time,duration,note
0.07170249433105269,0.1741496598639571,64.97233959589359
0.2700471655328762,0.2205895691610067,63.95779661234219
0.525852154195011,0.1625396825396876,63.99214375327627
1.5463510204081423,0.2321995464852477,63.984716986607054
1.824219501133772,0.2612244897959215,61.98765567924974
1.2499111111110928,0.2902494331065668,66.9471195334721
0.8702058956916154,0.3482993197278858,71.01128407568784
