time,duration,note
0.09730340136053517,0.2147845804988719,66.99915379438782
0.3553986394557862,0.2089795918367372,64.98894215835207
0.6746503401360551,1.4338321995464869,64.10950476324507
