time,duration,note
0.5984371882086101,0.2902494331065668,64.97261422077655
0.2925188208616927,0.284444444444432,66.94403283783011
1.874673015873018,0.1567346938775529,68.93119273035167
1.6277115646258302,0.2438095238095172,72.00631035899278
