time,duration,note
0.08179319727889833,0.7662585034013603,69.04792897826141
