time,duration,note
1.5914530612244846,0.1915646258503329,62.00700506271568
1.9224054421768528,1.451247165532891,60.01625201057255
1.070092517006799,0.2205895691610067,64.99420794013197
1.3186412698412653,0.272834467120191,64.0171175968428
