time,duration,note
0.5825641723355943,0.2902494331065668,64.97261422077655
0.27664580498867686,0.284444444444432,66.94403283783011
1.8588000000000022,0.1567346938775529,68.93119273035167
1.6118385487528144,0.2438095238095172,72.00631035899278
