time,duration,note
0.329230839002264,0.2147845804988719,61.98823192686419
0.5738113378684755,0.2089795918367372,64.01570565128146
0.8141741496598645,0.2263945578231414,64.94296914573661
1.0810675736961457,0.2321995464852477,66.92193440312803
1.3531537414966124,0.284444444444432,67.92719357556494
1.6509315192743657,0.2263945578231414,68.04260009849837
1.9039473922902648,0.3599092970521553,68.12444871081392
