time,duration,note
0.3087546485260759,0.3018594104308363,70.0644225378495
0.6508181405895641,0.272834467120191,68.03351968267127
0.9488226757369755,0.3599092970521553,67.10746479400532
1.3506140589569195,0.1335147392290139,66.97427883214577
1.6033804988662155,0.2902494331065668,73.98878383399905
1.9824734693877417,0.2786394557823257,70.99307654358893
