time,duration,note
1.0993215419501041,0.1857596371881982,60.04520603080184
0.48249614512471695,0.1102947845805033,64.55447354650005
0.6935845804988503,0.1683446712018224,64.02895873372607
0.884355555555544,0.2205895691610067,62.00584197480979
1.349911111111112,0.1625396825396876,63.99475534992531
0.06610158730157067,0.1102947845805033,66.9842504680963
0.1799564625850394,0.0928798185940991,68.93298159148826
0.27784761904760913,0.1857596371881982,66.9239832519778
1.7072580498866046,0.963628117913828,67.04639051049051
