time,duration,note
1.1037659863945637,0.1799546485260634,68.95536214291286
1.4215664399092989,1.5325170068027203,67.11484437980903
0.5668498866212985,0.2380045351473825,72.0151287656489
0.8315664399092952,0.2205895691610067,71.00417334519133
