time,duration,note
1.7582104308389823,0.2098004535147595,64.97382882308628
0.11900408163263165,0.2031746031746024,66.96254629779772
0.3586412698412609,0.1683446712018224,67.93735768873135
0.5508634920634918,0.1799546485260634,67.9248505286196
0.7582331065759824,0.1741496598639571,67.93052529732714
0.9584371882086273,0.1799546485260634,67.93294964242185
1.1644916099773255,0.1683446712018224,67.93612074219178
1.356713832199528,0.1741496598639571,67.91817417861645
1.5525641723355967,0.2438095238095172,66.95008084698604
