time,duration,note
1.73099954648524,0.2098004535147595,64.97382882308628
0.09179319727888924,0.2031746031746024,66.96254629779772
0.33143038548751846,0.1683446712018224,67.93735768873135
0.5236526077097494,0.1799546485260634,67.9248505286196
0.73102222222224,0.1741496598639571,67.93052529732714
0.9312263038548849,0.1799546485260634,67.93294964242185
1.137280725623583,0.1683446712018224,67.93612074219178
1.3295029478457856,0.1741496598639571,67.91817417861645
1.5253532879818543,0.2438095238095172,66.95008084698604
