time,duration,note
1.5982557823129202,0.1915646258503329,62.00700506271568
1.9292081632652884,1.451247165532891,60.01625201057255
1.0768952380952346,0.2205895691610067,64.99420794013197
1.3254439909297009,0.272834467120191,64.0171175968428
