time,duration,note
1.322382766439894,0.1567346938775529,60.04938874685534
0.9356253968253831,0.1857596371881982,63.97047408059522
1.12610158730158,0.249614512471652,62.02937304682871
1.512858956916098,0.1857596371881982,61.99066691112414
1.7246049886621293,0.1857596371881982,63.97229594983216
1.9300925170067948,0.1567346938775529,64.94124189216369
