time,duration,note
0.09276825396824506,0.2147845804988719,66.99915379438782
0.3508634920634961,0.2089795918367372,64.98894215835207
0.670115192743765,1.4338321995464869,64.10950476324507
