time,duration,note
0.6844417233561462,0.6269387755102116,57.20550825256101
1.3233306122449466,0.3308843537414532,54.14525112853071
1.6609496598640607,0.121904761904716,54.14013922549757
1.784963265306148,0.2031746031746024,57.18406308464373
0.061765986394563654,0.2902494331066236,61.158587035135504
0.3690675736961584,0.3715192743763964,59.11023554682416
1.666233106575989,0.0754648526077517,54.016248392601646
1.9505414965987047,0.1393197278911202,59.14728601413528
