time,duration,note
1.203874829932034,0.3018594104308931,54.148128892718326
1.524849886621383,0.3018594104308931,54.10291969830257
1.8528317460318258,0.3018594104308931,54.26295877632648
1.3158249433106457,0.1102947845804465,66.09973095374036
1.6247591836735191,0.1915646258503329,66.05785712503516
